Company,Job Name,Job Posting,Location,Salary ,Part/Fulltime
TreeTop Technologies,Project Manager,http://www.dice.com/jobsearch/servlet/JobSearch?op=302&dockey=xml/7/7/77aba087f11301ca05e4d976adc46836@endecaindex&source=19&FREE_TEXT=marketing%20start%20up%20&rating=&src=19&q=start%20up%20marketing,"Boston, MA",$90-100K+ befts,Fulltime
Southwind Group inc.,Sales Engineer,http://www.dice.com/jobsearch/servlet/JobSearch?op=302&dockey=xml/c/f/cf35a4ed3f4c7b87671be7cce1a3c97b@endecaindex&source=19&FREE_TEXT=marketing%20start%20up%20&rating=&src=19&q=start%20up%20marketing,"Foxboro, MA",Up to $105k,Fulltime
Chase Technology Consultants,Account Manager / Project Manager,http://www.dice.com/jobsearch/servlet/JobSearch?op=302&dockey=xml/3/0/3043b7e6ea2248bfd840b5649e4d9760@endecaindex&source=19&FREE_TEXT=marketing%20start%20up%20&rating=&src=19&q=start%20up%20marketing,"Boston, MA","$50,000 - $75,000",fulltime
CyberCoders,Web Systems Analyst,http://www.cybercoders.com/web-systems-analyst-job-82406,"Cambridge, MA", $75k - $95k,fulltime
CyberCoders,Business Analytics Sales,http://www.cybercoders.com/business-analytics-sales-job-24348,"New York, NY",$70k - $110k,fulltime
CyberCoders,Social Media Sales,http://www.cybercoders.com/social-media-sales-job-112753,"New York, NY",$70k - $120k,fulltime
TreeTop Technologies,Presale engineer,http://www.dice.com/jobsearch/servlet/JobSearch?op=302&dockey=xml/5/b/5b78a6b3978a9de9d6dfb0509c9001cb@endecaindex&source=19&FREE_TEXT=business%20startup%20sales%20&rating=&src=19&q=sales%20and%20business%20startup,"Boston, MA",$160K OTE,Fulltime
parelastic,Presale engineer,http://www.parelastic.com/pre-sales-engineer,"Cambridge, MA",-,fulltime
parelastic,Account Manager  ,http://www.parelastic.com/account-manager,"Cambridge, MA",-,fulltime
Currensee,"Business Development Representative

",http://www.currensee.com/jobs/business-development-rep,"Boston, MA",-,fulltime
Rethink Robotics,Technical Field Sales Representative ,http://www.rethinkrobotics.com/index.php/about/careers/field-service-engineer-position/,"hiring two Technical Field Sales Representatives;
one to be based in Detroit or Atlanta and the other in the Bay Area.

",-,fulltime
Pixability ,Sales Executive: Video Marketing Software and Services,http://www.pixability.com/careers-sales,"New York City, Chicago, Los Angeles, San Francisco, Boston",-,fulltime
Wistia,People Operations,http://wistia.theresumator.com/apply/IBEZ81/People-Operations.html," Somerville, MA",-,fulltime
Word Stream,Inside Sales Representative,http://www.wordstream.com/jobs/inside-sales-representative,"Boston, MA",-,fulltime
Word Stream,Marketing Programs Associate,http://www.wordstream.com/marketing-programs-associate,"Boston, MA",-,fulltime
Privy,VP of Sales,http://getprivy.com/jobs,"Boston, MA",-,fulltime
Privy,Sales Associate,http://getprivy.com/jobs,"Boston, MA",-,fulltime
patientslikeme,Business Development Associate,http://www.patientslikeme.com/about/careers/37-business-development-associate-1000-referral-bonus,"Cambridge, MA",-,fulltime
insight squared,Sales Development Representative,http://jobs.insightsquared.com/apply/zPAZu6/Sales-Development-Representative.html,"Cambridge, MA",-,fulltime
Tivli,Sales Manager,http://tivli.com/jobs#jrsoftware,"boston, MA",Base Salary range of $75k-$90k,fulltime